song_id,sheet,artist,title,duration_sec,key,tempo_bpm,release_date,has_chords,n_sections,release_year,total_measures,borrowed_ratio,unmatched_ratio,rest_ratio,chord_change_rate,key_mismatch_suspect,mode_major,mode_minor,gen_3.5세대,gen_3세대,gen_4세대,grp_걸그룹,grp_보이그룹,duration_sec_scaled,tempo_bpm_scaled,n_sections_scaled,total_measures_scaled,borrowed_ratio_scaled,unmatched_ratio_scaled,rest_ratio_scaled,chord_change_rate_scaled
3세대 걸그룹::0128,3세대 걸그룹,EXID,WHOZ THAT GIRL,210.0,Bbm,128.0,2012-02-16,True,7,2012,56.0,0.05357142857142857,0.125,0.0,0.5272727272727272,False,False,True,False,True,False,True,False,0.7369675696135464,0.3801073546515341,0.1980397037391327,0.3809112922957677,-0.5272412945481946,1.66687372877033,-0.17569083961954554,-0.7211369680684974
3세대 걸그룹::0149,3세대 걸그룹,에이핑크,NoNoNo,220.0,Em,106.0,2013-07-05,True,10,2013,80.0,0.175,0.025,0.0,0.8987341772151899,False,False,True,False,True,False,True,False,1.1971818473320934,-0.701907843425608,2.1874385458458763,2.342419539224654,0.4765708991843789,0.019139437128349535,-0.17569083961954554,0.8231550618985882
3세대 걸그룹::0121,3세대 걸그룹,AOA,짧은 치마,180.0,Gm,120.0,2014-01-16,True,6,2014,48.0,0.375,0.0,0.0,0.8936170212765957,False,False,True,False,True,False,True,False,-0.6436752635420947,-0.013352717376517543,-0.46509324362978177,-0.27292479001386105,2.1299086300380297,-0.3927941357821456,-0.17569083961954554,0.8018812981384624
3세대 걸그룹::0148,3세대 걸그룹,에이핑크,Mr.Chu,205.0,G,120.0,2014-03-31,True,7,2014,56.0,0.32142857142857145,0.17857142857142858,0.0,0.9272727272727272,False,True,False,False,True,False,True,False,0.5068604307542729,-0.013352717376517543,0.1980397037391327,0.3809112922957677,1.687050309273659,2.5495885278642483,-0.17569083961954554,0.9417995549072118
3세대 걸그룹::0123,3세대 걸그룹,AOA,단발머리,215.0,Ebm,110.0,2014-06-19,True,6,2014,48.0,0.22916666666666666,0.125,0.0,0.6808510638297872,False,False,True,False,True,False,True,False,0.96707470847282,-0.5051778074115821,-0.46509324362978177,-0.27292479001386105,0.9243498679572426,1.66687372877033,-0.17569083961954554,-0.08265940557202092
3세대 걸그룹::0126,3세대 걸그룹,EXID,위아래,189.0,Bm,112.0,2014-08-27,True,8,2014,64.0,0.125,0.0,0.0,0.5079365079365079,False,False,True,False,True,False,True,False,-0.22948241359540236,-0.4068127894045692,0.8611726511080472,1.0347473746053963,0.06323646647096635,-0.3927941357821456,-0.17569083961954554,-0.8015242314446679
3세대 걸그룹::0124,3세대 걸그룹,AOA,사뿐사뿐,220.0,Fm,100.0,2014-11-11,True,6,2014,48.0,0.0,0.0,0.0,0.6808510638297872,False,False,True,False,True,False,True,False,1.1971818473320934,-0.9970028974466467,-0.46509324362978177,-0.27292479001386105,-0.9700996153125653,-0.3927941357821456,-0.17569083961954554,-0.08265940557202092
3세대 걸그룹::0151,3세대 걸그룹,에이핑크,LUV,238.0,F#m,104.0,2014-11-24,True,6,2014,48.0,0.020833333333333332,0.20833333333333334,0.0,1.0,False,False,True,False,True,False,True,False,2.025567547225478,-0.8002728614326209,-0.46509324362978177,-0.27292479001386105,-0.79787693501531,3.0399856384719808,-0.17569083961954554,1.2441516499937044
3세대 걸그룹::0034,3세대 걸그룹,여자친구,유리구슬,204.0,Ebm,114.0,2015-01-15,True,8,2015,64.0,0.09375,0.0,0.0,0.9523809523809523,False,False,True,False,True,False,True,False,0.4608390029824182,-0.3084477713975563,0.8611726511080472,1.0347473746053963,-0.19509755397491654,-0.3927941357821456,-0.17569083961954554,1.0461830163061199
3세대 걸그룹::0129,3세대 걸그룹,EXID,Ah Yeah,200.0,Bm,118.0,2015-04-13,True,8,2015,64.0,0.015625,0.015625,0.0,0.49206349206349204,False,False,True,False,True,False,True,False,0.27675329189499936,-0.11171773538353046,0.8611726511080472,1.0347473746053963,-0.8409326050896238,-0.13533565271308617,-0.17569083961954554,-0.867513776007196
3세대 걸그룹::0109,3세대 걸그룹,마마무,음오아예,214.0,G,105.0,2015-06-19,True,6,2015,48.0,0.5,0.0,0.0,1.0,False,True,False,False,True,False,True,False,0.9210532807009653,-0.7510903524291145,-0.46509324362978177,-0.27292479001386105,3.1632447118215614,-0.3927941357821456,-0.17569083961954554,1.2441516499937044
3세대 걸그룹::0122,3세대 걸그룹,AOA,심쿵해,195.0,Am,126.0,2015-06-22,True,6,2015,48.0,0.0,0.0,0.0,1.0,False,False,True,False,True,False,True,False,0.04664615303572587,0.2817423366445212,-0.46509324362978177,-0.27292479001386105,-0.9700996153125653,-0.3927941357821456,-0.17569083961954554,1.2441516499937044
3세대 걸그룹::0150,3세대 걸그룹,에이핑크,Remember,232.0,Gb,120.0,2015-07-16,True,8,2015,60.0,0.31666666666666665,0.13333333333333333,0.0,1.0,False,True,False,False,True,False,True,False,1.74943898059435,-0.013352717376517543,0.8611726511080472,0.7078293334505821,1.6476851252057148,1.804184919740495,-0.17569083961954554,1.2441516499937044
3세대 걸그룹::0035,3세대 걸그룹,여자친구,오늘부터 우리는,221.0,Fm,106.0,2015-07-23,True,8,2015,60.0,0.1,0.0,0.0,0.864406779661017,False,False,True,False,True,False,True,False,1.2432032751039481,-0.701907843425608,0.8611726511080472,0.7078293334505821,-0.14343074988573992,-0.3927941357821456,-0.17569083961954554,0.6804443540697354
3세대 걸그룹::0114,3세대 걸그룹,러블리즈,Ah-Choo,219.0,F,127.0,2015-10-01,True,7,2015,53.0,0.1509433962264151,0.20754716981132076,0.0,0.9423076923076923,False,True,False,False,True,False,True,False,1.1511604195602387,0.33092484564802765,0.1980397037391327,0.13572276142965692,0.2777024457090578,3.027031752531399,-0.17569083961954554,1.004305036102977
3세대 걸그룹::0049,3세대 걸그룹,트와이스,OOH-AHH하게,215.0,Gb,142.0,2015-10-20,True,7,2015,56.0,0.26785714285714285,0.0,0.0,0.5454545454545454,False,True,False,False,True,False,True,False,0.96707470847282,1.0686624807006246,0.1980397037391327,0.3809112922957677,1.244191988509288,-0.3927941357821456,-0.17569083961954554,-0.6455489442968741
3세대 걸그룹::0127,3세대 걸그룹,EXID,Hot Pink,202.0,Bbm,107.0,2015-11-18,True,8,2015,64.0,0.03125,0.015625,0.0,0.42857142857142855,False,False,True,False,True,False,True,False,0.3687961474387088,-0.6527253344221016,0.8611726511080472,1.0347473746053963,-0.7117655948666823,-0.13533565271308617,-0.17569083961954554,-1.1314719542573086
3세대 걸그룹::0036,3세대 걸그룹,여자친구,시간을 달려서,208.0,Fm,112.0,2016-01-25,True,9,2016,72.0,0.08333333333333333,0.027777777777777776,0.0,0.9154929577464789,False,False,True,False,True,False,True,False,0.644924714069837,-0.4068127894045692,1.5243055984769618,1.688583456915025,-0.2812088941235442,0.0649098341184045,-0.17569083961954554,0.892827032463625
3세대 걸그룹::0111,3세대 걸그룹,마마무,넌 is 뭔들,233.0,F,122.0,2016-02-26,True,7,2016,56.0,0.2857142857142857,0.0,0.0,0.5636363636363636,False,True,False,False,True,False,True,False,1.7954604083662047,0.08501230063049538,0.1980397037391327,0.3809112922957677,1.3918114287640782,-0.3927941357821456,-0.17569083961954554,-0.5699609205252509
3세대 걸그룹::0099,3세대 걸그룹,아이오아이,PICK ME,227.0,E,128.0,2016-04-05,True,4,2016,32.0,0.0,0.0,0.0,0.1935483870967742,False,True,False,False,True,False,True,False,1.5193318417350763,0.3801073546515341,-1.7913591383676106,-1.5805969546331184,-0.9700996153125653,-0.3927941357821456,-0.17569083961954554,-2.1085429527799024
3세대 걸그룹::0119,3세대 걸그룹,러블리즈,Destiny,215.0,Dm,106.0,2016-04-25,True,6,2016,48.0,0.1875,0.3541666666666667,0.0,0.9361702127659575,True,False,True,False,True,False,True,False,0.96707470847282,-0.701907843425608,-0.46509324362978177,-0.27292479001386105,0.5799045073627321,5.442931480449869,-0.17569083961954554,0.9787894388805595
3세대 걸그룹::0050,3세대 걸그룹,트와이스,CHEER UP,208.0,Db,173.0,2016-04-25,True,7,2016,56.0,0.21428571428571427,0.0,0.0,0.7090909090909091,False,True,False,False,True,False,True,False,0.644924714069837,2.593320259809325,0.1980397037391327,0.3809112922957677,0.8013336677449173,-0.3927941357821456,-0.17569083961954554,0.03474326964773429
3세대 걸그룹::0101,3세대 걸그룹,아이오아이,Dream Girls,218.0,G,140.0,2016-05-04,True,6,2016,48.0,0.3333333333333333,0.0,0.0,0.6170212765957447,False,True,False,False,True,False,True,False,1.105138991788384,0.9702974626936116,-0.46509324362978177,-0.27292479001386105,1.7854632694435189,-0.3927941357821456,-0.17569083961954554,-0.3480216166851659
3세대 걸그룹::0100,3세대 걸그룹,아이오아이,벛꽃이 지면,204.0,G,100.0,2016-05-04,True,8,2016,56.0,0.10714285714285714,0.03571428571428571,0.0,0.8,False,True,False,False,True,False,True,False,0.4608390029824182,-0.9970028974466467,0.8611726511080472,0.3809112922957677,-0.08438297378382392,0.1956823969471331,-0.17569083961954554,0.41268338850585007
3세대 걸그룹::0130,3세대 걸그룹,EXID,L.I.E,211.0,Ebm,155.0,2016-06-01,True,11,2016,88.0,0.011363636363636364,0.0,0.0,0.47126436781609193,False,False,True,False,True,False,True,False,0.7829889973854012,1.7080350977462084,2.8505714932147908,2.996255621534283,-0.8761599715140623,-0.3927941357821456,-0.17569083961954554,-0.9539828343994742
3세대 걸그룹::0141,3세대 걸그룹,다이아,그 길에서,202.0,Db,116.0,2016-06-14,True,13,2016,104.0,0.11538461538461539,0.0,0.0,0.8640776699029126,False,True,False,False,True,False,True,False,0.3687961474387088,-0.2100827533905434,4.176837387952619,4.30392778615354,-0.016250924435459106,-0.3927941357821456,-0.17569083961954554,0.6790761324776866
3세대 걸그룹::0037,3세대 걸그룹,여자친구,너 그리고 나,194.0,D,125.0,2016-07-11,True,7,2016,56.0,0.30357142857142855,0.017857142857142856,0.0,0.7818181818181819,False,True,False,False,True,False,True,False,0.0006247252638711651,0.23255982764101477,0.1980397037391327,0.3809112922957677,1.5394308690188685,-0.09855586941750626,-0.17569083961954554,0.3370953647342269
3세대 걸그룹::0012,3세대 걸그룹,BLACKPINK,붐바야,240.0,fm,125.0,2016-08-08,True,6,2016,46.0,0.0,0.0,0.021739130434782608,0.28888888888888886,False,False,True,False,True,False,True,False,2.1176104027691873,0.23255982764101477,-0.46509324362978177,-0.43638381059126824,-0.9700996153125653,-0.3927941357821456,0.5214328237892387,-1.7121799464075562
3세대 걸그룹::0011,3세대 걸그룹,BLACKPINK,휘파람,211.0,C#m,103.0,2016-08-08,True,6,2016,48.0,0.10416666666666667,0.0,0.0,0.3404255319148936,False,False,True,False,True,False,True,False,0.7829889973854012,-0.8494553704361274,-0.46509324362978177,-0.27292479001386105,-0.10898621382628888,-0.3927941357821456,-0.17569083961954554,-1.4979245315087946
3세대 걸그룹::0103,3세대 걸그룹,아이오아이,너무너무너무,207.0,Em,206.0,2016-10-17,True,7,2016,56.0,0.0,0.0,0.0,0.4909090909090909,False,False,True,False,True,False,True,False,0.5989032862979823,4.216343056925038,0.1980397037391327,0.3809112922957677,-0.9700996153125653,-0.3927941357821456,-0.17569083961954554,-0.8723130156117433
3세대 걸그룹::0051,3세대 걸그룹,트와이스,TT,213.0,G,130.0,2016-10-24,True,6,2016,48.0,0.041666666666666664,0.0,0.0,0.6808510638297872,False,True,False,False,True,False,True,False,0.8750318529291106,0.47847237265854703,-0.46509324362978177,-0.27292479001386105,-0.6256542547180548,-0.3927941357821456,-0.17569083961954554,-0.08265940557202092
3세대 걸그룹::0013,3세대 걸그룹,BLACKPINK,불장난,197.0,Em,97.0,2016-11-01,True,6,2016,48.0,0.020833333333333332,0.0,0.0,1.0,False,False,True,False,True,False,True,False,0.13868900857943528,-1.144550424457166,-0.46509324362978177,-0.27292479001386105,-0.79787693501531,-0.3927941357821456,-0.17569083961954554,1.2441516499937044
3세대 걸그룹::0107,3세대 걸그룹,마마무,데칼코마니,216.0,Dm,116.0,2016-11-07,True,8,2016,64.0,0.25,0.015625,0.0,0.6666666666666666,False,False,True,False,True,False,True,False,1.0130961362446746,-0.2100827533905434,0.8611726511080472,1.0347473746053963,1.096572548254498,-0.13533565271308617,-0.17569083961954554,-0.14162878581938657
3세대 걸그룹::0144,3세대 걸그룹,에이프릴,봄의 나라 이야기,203.0,A,108.0,2017-01-04,True,11,2017,88.0,0.09090909090909091,0.10227272727272728,0.0,0.8850574712643678,False,True,False,False,True,False,True,False,0.4148175752105635,-0.603542825418595,2.8505714932147908,2.996255621534283,-0.21858246492454225,1.2923886624880618,-0.17569083961954554,0.7662963272995352
3세대 걸그룹::0078,3세대 걸그룹,레드벨벳,Rookie,195.0,G#m,164.0,2017-02-01,True,6,2017,48.0,0.041666666666666664,0.0,0.0,0.2553191489361702,False,False,True,False,True,False,True,False,0.04664615303572587,2.150677678777767,-0.46509324362978177,-0.27292479001386105,-0.6256542547180548,-0.3927941357821456,-0.17569083961954554,-1.851740812992988
3세대 걸그룹::0052,3세대 걸그룹,트와이스,KNOCK KNOCK,195.0,E,130.0,2017-02-20,True,6,2017,48.0,0.0,0.0,0.0,0.574468085106383,False,True,False,False,True,False,True,False,0.04664615303572587,0.47847237265854703,-0.46509324362978177,-0.27292479001386105,-0.9700996153125653,-0.3927941357821456,-0.17569083961954554,-0.5249297574272623
3세대 걸그룹::0038,3세대 걸그룹,여자친구,FINGERTIP,209.0,Gm,122.0,2017-03-06,True,7,2017,56.0,0.07142857142857142,0.0,0.0,0.5272727272727272,False,False,True,False,True,False,True,False,0.6909461418416917,0.08501230063049538,0.1980397037391327,0.3809112922957677,-0.37962185429340434,-0.3927941357821456,-0.17569083961954554,-0.7211369680684974
3세대 걸그룹::0132,3세대 걸그룹,브레이브걸스,롤린,198.0,Bbm,125.0,2017-03-07,True,10,2017,80.0,0.0,0.0,0.0,0.7215189873417721,False,False,True,False,True,False,True,False,0.18471043635128997,0.23255982764101477,2.1874385458458763,2.342419539224654,-0.9700996153125653,-0.3927941357821456,-0.17569083961954554,0.08641103273213468
3세대 걸그룹::0116,3세대 걸그룹,러블리즈,"지금, 우리",193.0,Am,125.0,2017-05-02,True,6,2017,48.0,0.041666666666666664,0.16666666666666666,0.0,0.851063829787234,False,False,True,False,True,False,True,False,-0.04539670250798354,0.23255982764101477,-0.46509324362978177,-0.27292479001386105,-0.6256542547180548,2.353429683621155,-0.17569083961954554,0.6249731573963659
3세대 걸그룹::0053,3세대 걸그룹,트와이스,SIGNAL,197.0,Dm,104.0,2017-05-15,True,6,2017,48.0,0.041666666666666664,0.0,0.0,0.46808510638297873,False,False,True,False,True,False,True,False,0.13868900857943528,-0.8002728614326209,-0.46509324362978177,-0.27292479001386105,-0.6256542547180548,-0.3927941357821456,-0.17569083961954554,-0.9672001092825043
3세대 걸그룹::0135,3세대 걸그룹,청하,Why Don't You Know,197.0,Am,100.0,2017-06-07,True,6,2017,48.0,0.020833333333333332,0.0,0.0,0.8936170212765957,False,False,True,False,True,False,True,False,0.13868900857943528,-0.9970028974466467,-0.46509324362978177,-0.27292479001386105,-0.79787693501531,-0.3927941357821456,-0.17569083961954554,0.8018812981384624
3세대 걸그룹::0015,3세대 걸그룹,BLACKPINK,마지막처럼,213.0,Fm,125.0,2017-06-22,True,7,2017,56.0,0.0,0.0,0.0,0.509090909090909,False,False,True,False,True,False,True,False,0.8750318529291106,0.23255982764101477,0.1980397037391327,0.3809112922957677,-0.9700996153125653,-0.3927941357821456,-0.17569083961954554,-0.7967249918401205
3세대 걸그룹::0112,3세대 걸그룹,마마무,나로 말할것 같으면,212.0,Am,120.0,2017-06-22,True,6,2017,48.0,0.041666666666666664,0.0,0.0,0.5957446808510638,False,False,True,False,True,False,True,False,0.8290104251572559,-0.013352717376517543,-0.46509324362978177,-0.27292479001386105,-0.6256542547180548,-0.3927941357821456,-0.17569083961954554,-0.43647568705621437
3세대 걸그룹::0079,3세대 걸그룹,레드벨벳,빨간 맛,191.0,A,126.0,2017-07-09,True,8,2017,60.0,0.016666666666666666,0.0,0.0,0.576271186440678,False,True,False,False,True,False,True,False,-0.13743955805169294,0.2817423366445212,0.8611726511080472,0.7078293334505821,-0.8323214710747611,-0.3927941357821456,-0.17569083961954554,-0.5174336497686991
3세대 걸그룹::0039,3세대 걸그룹,여자친구,귀를 기울이면,212.0,E,114.0,2017-08-01,True,13,2017,102.0,0.29411764705882354,0.23529411764705882,0.0,0.7920792079207921,False,True,False,False,True,False,True,False,0.8290104251572559,-0.3084477713975563,4.176837387952619,4.1404687655761325,1.4612794006486856,3.484227726904867,-0.17569083961954554,0.3797539524073212
3세대 보이그룹::0068,3세대 보이그룹,워너원,에너제틱,189.0,Dm,125.0,2017-08-07,True,7,2017,56.0,0.25,0.0,0.0,0.8,False,False,True,False,True,False,False,True,-0.22948241359540236,0.23255982764101477,0.1980397037391327,0.3809112922957677,1.096572548254498,-0.3927941357821456,-0.17569083961954554,0.41268338850585007
3세대 보이그룹::0069,3세대 보이그룹,워너원,활활,215.0,Em,128.0,2017-08-07,True,7,2017,56.0,0.0,0.0,0.0,0.6545454545454545,False,False,True,False,True,False,False,True,0.96707470847282,0.3801073546515341,0.1980397037391327,0.3809112922957677,-0.9700996153125653,-0.3927941357821456,-0.17569083961954554,-0.1920208016671352
3세대 걸그룹::0040,3세대 걸그룹,여자친구,여름비,200.0,Gb,105.0,2017-09-13,True,11,2017,88.0,0.25,0.056818181818181816,0.0,0.7931034482758621,False,True,False,False,True,False,True,False,0.27675329189499936,-0.7510903524291145,2.8505714932147908,2.996255621534283,1.096572548254498,0.5434185299235251,-0.17569083961954554,0.3840120691441999
3세대 걸그룹::0054,3세대 걸그룹,트와이스,LIKEY,208.0,Em,132.0,2017-10-30,True,7,2017,56.0,0.03571428571428571,0.0,0.0,0.9454545454545454,False,False,True,False,True,False,True,False,0.644924714069837,0.57683739066556,0.1980397037391327,0.3809112922957677,-0.6748607348029848,-0.3927941357821456,-0.17569083961954554,1.017387578678835
3세대 걸그룹::0131,3세대 걸그룹,EXID,덜덜덜,207.0,Em,115.0,2017-11-07,True,6,2017,48.0,0.0,0.0,0.0,0.3404255319148936,False,False,True,False,True,False,True,False,0.5989032862979823,-0.25926526239404984,-0.46509324362978177,-0.27292479001386105,-0.9700996153125653,-0.3927941357821456,-0.17569083961954554,-1.4979245315087946
3세대 보이그룹::0070,3세대 보이그룹,워너원,Beautiful,216.0,C,80.0,2017-11-13,True,7,2017,44.0,0.3181818181818182,0.0,0.0,1.0,False,True,False,False,True,False,False,True,1.0130961362446746,-1.9806530775167759,0.1980397037391327,-0.5998428311686754,1.6602104110455151,-0.3927941357821456,-0.17569083961954554,1.2441516499937044
3세대 걸그룹::0055,3세대 걸그룹,트와이스,Heart Shaker,187.0,Ab,164.0,2017-12-11,True,7,2017,56.0,0.05357142857142857,0.0,0.0,0.6727272727272727,False,True,False,False,True,False,True,False,-0.3215252691391118,2.150677678777767,0.1980397037391327,0.3809112922957677,-0.5272412945481946,-0.3927941357821456,-0.17569083961954554,-0.11643277789551203
3세대 걸그룹::0026,3세대 걸그룹,오마이걸,비밀정원,243.0,G,105.0,2018-01-09,True,7,2018,46.0,0.13043478260869565,0.0,0.0,0.9333333333333333,False,True,False,False,True,False,True,False,2.2556746860847516,-0.7510903524291145,0.1980397037391327,-0.43638381059126824,0.10816412220068508,-0.3927941357821456,-0.17569083961954554,0.9669955628310863
3세대 걸그룹::0134,3세대 걸그룹,청하,Roller Coaster,212.0,A,130.0,2018-01-17,True,6,2018,48.0,0.08333333333333333,0.0,0.0,0.851063829787234,False,True,False,False,True,False,True,False,0.8290104251572559,0.47847237265854703,-0.46509324362978177,-0.27292479001386105,-0.2812088941235442,-0.3927941357821456,-0.17569083961954554,0.6249731573963659
3세대 보이그룹::0071,3세대 보이그룹,워너원,BOOMERANG,183.0,Cm,100.0,2018-03-19,True,6,2018,44.0,0.0,0.0,0.0,0.3488372093023256,False,False,True,False,True,False,False,True,-0.5056109802265306,-0.9970028974466467,-0.46509324362978177,-0.5998428311686754,-0.9700996153125653,-0.3927941357821456,-0.17569083961954554,-1.4629543176411706
3세대 보이그룹::0072,3세대 보이그룹,워너원,약속해요,220.0,Fm,130.0,2018-03-19,True,7,2018,56.0,0.0,0.0,0.0,0.8,False,False,True,False,True,False,False,True,1.1971818473320934,0.47847237265854703,0.1980397037391327,0.3809112922957677,-0.9700996153125653,-0.3927941357821456,-0.17569083961954554,0.41268338850585007
3세대 걸그룹::0056,3세대 걸그룹,트와이스,What is Love?,208.0,Ab,170.0,2018-04-09,True,7,2018,56.0,0.10714285714285714,0.0,0.0,0.5636363636363636,False,True,False,False,True,False,True,False,0.644924714069837,2.4457727327988055,0.1980397037391327,0.3809112922957677,-0.08438297378382392,-0.3927941357821456,-0.17569083961954554,-0.5699609205252509
3세대 걸그룹::0041,3세대 걸그룹,여자친구,밤,226.0,Ebm,170.0,2018-04-30,True,14,2018,110.0,0.18181818181818182,0.11818181818181818,0.0,0.8899082568807339,False,False,True,False,True,False,True,False,1.4733104139632216,2.4457727327988055,4.839970335321534,4.794304847885762,0.5329346854634808,1.5545282088856494,-0.17569083961954554,0.7864626987159863
3세대 걸그룹::0125,3세대 걸그룹,AOA,빙글뱅글,217.0,G,112.0,2018-05-28,True,7,2018,52.0,0.0,0.0,0.0,0.8823529411764706,False,True,False,False,True,False,True,False,1.0591175640165293,-0.4068127894045692,0.1980397037391327,0.05399325114095331,-0.9700996153125653,-0.3927941357821456,-0.17569083961954554,0.7550526726479075
3세대 걸그룹::0016,3세대 걸그룹,BLACKPINK,뚜두뚜두,209.0,Em,140.0,2018-06-15,True,8,2018,64.0,0.0,0.0,0.0,0.30158730158730157,False,False,True,False,True,False,True,False,0.6909461418416917,0.9702974626936116,0.8611726511080472,1.0347473746053963,-0.9700996153125653,-0.3927941357821456,-0.17569083961954554,-1.6593883107575336
3세대 걸그룹::0017,3세대 걸그룹,BLACKPINK,Forever Young,237.0,E,110.0,2018-06-15,True,6,2018,48.0,0.0,0.0,0.0,0.6170212765957447,False,True,False,False,True,False,True,False,1.9795461194536235,-0.5051778074115821,-0.46509324362978177,-0.27292479001386105,-0.9700996153125653,-0.3927941357821456,-0.17569083961954554,-0.3480216166851659
3세대 걸그룹::0152,3세대 걸그룹,에이핑크,1도 없어,199.0,F#m,124.0,2018-07-02,True,6,2018,48.0,0.10416666666666667,0.020833333333333332,0.0,0.8723404255319149,False,False,True,False,True,False,True,False,0.23073186412314467,0.1833773186375083,-0.46509324362978177,-0.27292479001386105,-0.10898621382628888,-0.04951615835673303,-0.17569083961954554,0.7134272277674144
3세대 걸그룹::0057,3세대 걸그룹,트와이스,Dance The Night Away,181.0,F,118.0,2018-07-09,True,6,2018,48.0,0.0,0.0,0.0,1.0,False,True,False,False,True,False,True,False,-0.59765383577024,-0.11171773538353046,-0.46509324362978177,-0.27292479001386105,-0.9700996153125653,-0.3927941357821456,-0.17569083961954554,1.2441516499937044
3세대 걸그룹::0113,3세대 걸그룹,마마무,너나 해,196.0,Ebm,98.0,2018-07-16,True,7,2018,56.0,0.0,0.0,0.0,0.5818181818181818,False,False,True,False,True,False,True,False,0.09266758080758057,-1.0953679154536597,0.1980397037391327,0.3809112922957677,-0.9700996153125653,-0.3927941357821456,-0.17569083961954554,-0.49437289675362783
3세대 걸그룹::0137,3세대 걸그룹,청하,Love U,191.0,G#m,120.0,2018-07-18,True,8,2018,64.0,0.0625,0.015625,0.0,0.6507936507936508,False,False,True,False,True,False,True,False,-0.13743955805169294,-0.013352717376517543,0.8611726511080472,1.0347473746053963,-0.45343157442079945,-0.13533565271308617,-0.17569083961954554,-0.20761833038191446
3세대 걸그룹::0042,3세대 걸그룹,여자친구,여름여름해,198.0,G,130.0,2018-07-19,True,6,2018,48.0,0.0625,0.0,0.0,0.8936170212765957,False,True,False,False,True,False,True,False,0.18471043635128997,0.47847237265854703,-0.46509324362978177,-0.27292479001386105,-0.45343157442079945,-0.3927941357821456,-0.17569083961954554,0.8018812981384624
3세대 걸그룹::0082,3세대 걸그룹,레드벨벳,Power Up,202.0,Eb,160.0,2018-08-06,True,6,2018,48.0,0.125,0.0,0.0,0.48936170212765956,False,True,False,False,True,False,True,False,0.3687961474387088,1.9539476427637408,-0.46509324362978177,-0.27292479001386105,0.06323646647096635,-0.3927941357821456,-0.17569083961954554,-0.8787460389114561
3세대 걸그룹::0027,3세대 걸그룹,오마이걸,불꽃놀이,196.0,G,131.0,2018-09-10,True,7,2018,48.0,0.0,0.0,0.0,0.5531914893617021,False,True,False,False,True,False,True,False,0.09266758080758057,0.5276548816620535,0.1980397037391327,-0.27292479001386105,-0.9700996153125653,-0.3927941357821456,-0.17569083961954554,-0.6133838277983109
3세대 걸그룹::0145,3세대 걸그룹,에이프릴,예쁜 게 죄,206.0,Gm,145.0,2018-10-16,True,6,2018,48.0,0.125,0.0,0.0,0.44680851063829785,False,False,True,False,True,False,True,False,0.5528818585261276,1.216210007711144,-0.46509324362978177,-0.27292479001386105,0.06323646647096635,-0.3927941357821456,-0.17569083961954554,-1.0556541796535528
3.5세대::0075,3.5세대,IZ*ONE,라비앙로즈,218.0,Dm,116.0,2018-10-29,True,7,2018,56.0,0.0,0.4107142857142857,0.0,0.8909090909090909,True,False,True,True,False,False,False,False,1.105138991788384,-0.2100827533905434,0.1980397037391327,0.3809112922957677,-0.9700996153125653,6.37468599060456,-0.17569083961954554,0.7906235073639655
3세대 걸그룹::0058,3세대 걸그룹,트와이스,YES or YES,239.0,Gb,138.0,2018-11-05,True,9,2018,64.0,0.140625,0.0,0.0,0.6984126984126984,False,True,False,False,True,False,True,False,2.071588974997333,0.8719324446865987,1.5243055984769618,1.0347473746053963,0.19240347669390778,-0.3927941357821456,-0.17569083961954554,-0.009649696694330308
3세대 걸그룹::0001,3세대 걸그룹,JENNIE,SOLO,169.0,Gb,95.0,2018-11-12,True,5,2018,39.0,0.07692307692307693,0.0,0.0,0.7105263157894737,False,True,False,False,True,False,True,False,-1.1499109690324965,-1.242915442464179,-1.1282261909986961,-1.0084903826121934,-0.33420048806116115,-0.3927941357821456,-0.17569083961954554,0.040710745208651804
3세대 보이그룹::0074,3세대 보이그룹,워너원,봄바람,236.0,Eb,108.0,2018-11-19,True,6,2018,44.0,0.022727272727272728,0.0,0.0,0.8604651162790697,False,True,False,False,True,False,False,True,1.9335246916817688,-0.603542825418595,-0.46509324362978177,-0.5998428311686754,-0.7822203277155594,-0.3927941357821456,-0.17569083961954554,0.6640575140719454
3세대 걸그룹::0136,3세대 걸그룹,청하,벌써 12시,222.0,Ebm,102.0,2019-01-02,True,6,2019,44.0,0.0,0.0,0.0,0.6046511627906976,False,False,True,False,True,False,True,False,1.2892247028758028,-0.8986378794396338,-0.46509324362978177,-0.5998428311686754,-0.9700996153125653,-0.3927941357821456,-0.17569083961954554,-0.39944840178461277
3세대 걸그룹::0154,3세대 걸그룹,에이핑크,응응,210.0,Fm,145.0,2019-01-07,True,9,2019,72.0,0.027777777777777776,0.0,0.0,0.6901408450704225,False,False,True,False,True,False,True,False,0.7369675696135464,1.216210007711144,1.5243055984769618,1.688583456915025,-0.7404693749162249,-0.3927941357821456,-0.17569083961954554,-0.04403861428325339
3세대 걸그룹::0043,3세대 걸그룹,여자친구,해야,217.0,F#m,174.0,2019-01-14,True,11,2019,88.0,0.19318181818181818,0.3409090909090909,0.0,0.8735632183908046,True,False,True,False,True,False,True,False,1.0591175640165293,2.642502768812831,2.8505714932147908,2.996255621534283,0.6268743292619835,5.224481858451878,-0.17569083961954554,0.7185107950301184
3.5세대::0016,3.5세대,ITZY,달라달라,195.0,A,125.0,2019-02-12,True,7,2019,56.0,0.07142857142857142,0.0,0.0,0.34545454545454546,False,True,False,True,False,False,False,False,0.04664615303572587,0.23255982764101477,0.1980397037391327,0.3809112922957677,-0.37962185429340434,-0.3927941357821456,-0.17569083961954554,-1.4770172057847284
3.5세대::0076,3.5세대,IZ*ONE,비올레타,200.0,Em,115.0,2019-04-01,True,6,2019,44.0,0.1590909090909091,0.0,0.0,1.0,False,False,True,True,False,False,False,False,0.27675329189499936,-0.25926526239404984,-0.46509324362978177,-0.5998428311686754,0.34505539786647493,-0.3927941357821456,-0.17569083961954554,1.2441516499937044
3세대 걸그룹::0018,3세대 걸그룹,BLACKPINK,KILL THIS LOVE,189.0,Dm,132.0,2019-04-05,True,6,2019,48.0,0.25,0.0,0.0,0.3191489361702128,False,False,True,False,True,False,True,False,-0.22948241359540236,0.57683739066556,-0.46509324362978177,-0.27292479001386105,1.096572548254498,-0.3927941357821456,-0.17569083961954554,-1.5863786018798427
3세대 걸그룹::0019,3세대 걸그룹,BLACKPINK,Don't Know What To Do,201.0,A,130.0,2019-04-05,True,4,2019,32.0,0.09375,0.0,0.0,0.7096774193548387,False,True,False,False,True,False,True,False,0.3227747196668541,0.47847237265854703,-1.7913591383676106,-1.5805969546331184,-0.19509755397491654,-0.3927941357821456,-0.17569083961954554,0.0371815929952061
3세대 걸그룹::0059,3세대 걸그룹,트와이스,FANCY,216.0,Cm,132.0,2019-04-22,True,7,2019,52.0,0.038461538461538464,0.0,0.0,0.9803921568627451,False,False,True,False,True,False,True,False,1.0130961362446746,0.57683739066556,0.1980397037391327,0.05399325114095331,-0.6521500516868632,-0.3927941357821456,-0.17569083961954554,1.1626351537694048
3세대 걸그룹::0028,3세대 걸그룹,오마이걸,다섯 번째 계절,240.0,Bm,126.0,2019-05-08,True,9,2019,72.0,0.18055555555555555,0.06944444444444445,0.0,0.8732394366197183,False,False,True,False,True,False,True,False,2.1176104027691873,0.2817423366445212,1.5243055984769618,1.688583456915025,0.522496947263647,0.7514657889692298,-0.17569083961954554,0.7171647236985851
3세대 걸그룹::0084,3세대 걸그룹,레드벨벳,짐살라빔,194.0,F,128.0,2019-06-19,True,7,2019,52.0,0.36538461538461536,0.0,0.0,0.29411764705882354,False,True,False,False,True,False,True,False,0.0006247252638711651,0.3801073546515341,0.1980397037391327,0.05399325114095331,2.050421239131604,-0.3927941357821456,-0.17569083961954554,-1.6904422140810762
3세대 걸그룹::0138,3세대 걸그룹,청하,Snapping,220.0,G#m,105.0,2019-06-24,True,6,2019,48.0,0.16666666666666666,0.0,0.0,0.9787234042553191,False,False,True,False,True,False,True,False,1.1971818473320934,-0.7510903524291145,-0.46509324362978177,-0.27292479001386105,0.4076818270654768,-0.3927941357821456,-0.17569083961954554,1.1556975796226558
3세대 걸그룹::0044,3세대 걸그룹,여자친구,열대야,221.0,Ebm,112.0,2019-07-01,True,7,2019,56.0,0.03571428571428571,0.0,0.0,0.9818181818181818,False,False,True,False,True,False,True,False,1.2432032751039481,-0.4068127894045692,0.1980397037391327,0.3809112922957677,-0.6748607348029848,-0.3927941357821456,-0.17569083961954554,1.1685636262220813
3.5세대::0017,3.5세대,ITZY,ICY,192.0,Am,125.0,2019-07-29,True,7,2019,56.0,0.0,0.0,0.0,0.23636363636363636,False,False,True,True,False,False,False,False,-0.09141813027983824,0.23255982764101477,0.1980397037391327,0.3809112922957677,-0.9700996153125653,-0.3927941357821456,-0.17569083961954554,-1.9305453484144675
3세대 걸그룹::0029,3세대 걸그룹,오마이걸,BUNGEE,177.0,Bb,128.0,2019-08-05,True,6,2019,44.0,0.18181818181818182,0.022727272727272728,0.0,0.7906976744186046,False,True,False,False,True,False,True,False,-0.7817395468576588,0.3801073546515341,-0.46509324362978177,-0.5998428311686754,0.5329346854634808,-0.01830906949987731,-0.17569083961954554,0.3740104461110658
3세대 걸그룹::0060,3세대 걸그룹,트와이스,Feel Special,224.0,Fm,129.0,2019-09-23,True,7,2019,56.0,0.16071428571428573,0.0,0.0,0.9454545454545454,False,False,True,False,True,False,True,False,1.3812675584195122,0.42928986365504057,0.1980397037391327,0.3809112922957677,0.3584753469805469,-0.3927941357821456,-0.17569083961954554,1.017387578678835
3세대 걸그룹::0110,3세대 걸그룹,마마무,HIP,195.0,Ebm,138.0,2019-11-14,True,7,2019,56.0,0.23214285714285715,0.0,0.0,0.6909090909090909,False,False,True,False,True,False,True,False,0.04664615303572587,0.8719324446865987,0.1980397037391327,0.3809112922957677,0.9489531079997078,-0.3927941357821456,-0.17569083961954554,-0.04084475412388887
3.5세대::0077,3.5세대,IZ*ONE,FIESTA,217.0,Bm,123.0,2020-02-17,True,6,2020,44.0,0.3409090909090909,0.045454545454545456,0.0,0.9069767441860465,False,False,True,True,False,False,False,False,1.0591175640165293,0.13419480963400182,-0.46509324362978177,-0.5998428311686754,1.8480896986425206,0.356175996782391,-0.17569083961954554,0.8574222260458648
3.5세대::0019,3.5세대,ITZY,THAT'S A NO NO,180.0,F#m,120.0,2020-03-09,True,7,2020,56.0,0.16071428571428573,0.0,0.0,0.6363636363636364,False,False,True,True,False,False,False,False,-0.6436752635420947,-0.013352717376517543,0.1980397037391327,0.3809112922957677,0.3584753469805469,-0.3927941357821456,-0.17569083961954554,-0.26760882543875836
3.5세대::0018,3.5세대,ITZY,WANNABE,192.0,F#m,122.0,2020-03-09,True,6,2020,48.0,0.10416666666666667,0.125,0.0,0.6382978723404256,False,False,True,True,False,False,False,False,-0.09141813027983824,0.08501230063049538,-0.46509324362978177,-0.27292479001386105,-0.10898621382628888,1.66687372877033,-0.17569083961954554,-0.25956754631411744
3세대 걸그룹::0153,3세대 걸그룹,에이핑크,덤더럼,207.0,G#m,115.0,2020-04-13,True,8,2020,64.0,0.03125,0.0,0.0,0.873015873015873,False,False,True,False,True,False,True,False,0.5989032862979823,-0.25926526239404984,0.8611726511080472,1.0347473746053963,-0.7117655948666823,-0.3927941357821456,-0.17569083961954554,0.7162352934934794
3세대 걸그룹::0143,3세대 걸그룹,에이프릴,LALALILALA,195.0,Gm,128.0,2020-04-22,True,10,2020,80.0,0.075,0.0,0.0,0.7721518987341772,False,False,True,False,True,False,True,False,0.04664615303572587,0.3801073546515341,2.1874385458458763,2.342419539224654,-0.3500979662424463,-0.3927941357821456,-0.17569083961954554,0.296909326779693
3세대 걸그룹::0030,3세대 걸그룹,오마이걸,살짝 설렜어,203.0,Am,124.0,2020-04-27,True,6,2020,48.0,0.0,0.0,0.0,1.0,False,False,True,False,True,False,True,False,0.4148175752105635,0.1833773186375083,-0.46509324362978177,-0.27292479001386105,-0.9700996153125653,-0.3927941357821456,-0.17569083961954554,1.2441516499937044
3세대 걸그룹::0031,3세대 걸그룹,오마이걸,Dolphin,177.0,E,114.0,2020-04-27,True,7,2020,52.0,0.0,0.0,0.0,0.7647058823529411,False,True,False,False,True,False,True,False,-0.7817395468576588,-0.3084477713975563,0.1980397037391327,0.05399325114095331,-0.9700996153125653,-0.3927941357821456,-0.17569083961954554,0.26595369530211066
3세대 걸그룹::0061,3세대 걸그룹,트와이스,MORE & MORE,201.0,Dm,107.0,2020-06-01,True,7,2020,56.0,0.0,0.0,0.0,0.7454545454545455,False,False,True,False,True,False,True,False,0.3227747196668541,-0.6527253344221016,0.1980397037391327,0.3809112922957677,-0.9700996153125653,-0.3927941357821456,-0.17569083961954554,0.18591931719098062
3.5세대::0078,3.5세대,IZ*ONE,환상동화,191.0,Gm,103.0,2020-06-15,True,7,2020,56.0,0.0,0.0,0.0,0.9454545454545454,False,False,True,True,False,False,False,False,-0.13743955805169294,-0.8494553704361274,0.1980397037391327,0.3809112922957677,-0.9700996153125653,-0.3927941357821456,-0.17569083961954554,1.017387578678835
3세대 걸그룹::0147,3세대 걸그룹,에이프릴,Now or Never,212.0,A,119.0,2020-07-29,True,6,2020,48.0,0.0,0.0,0.0,0.5957446808510638,False,True,False,False,True,False,True,False,0.8290104251572559,-0.062535226380024,-0.46509324362978177,-0.27292479001386105,-0.9700996153125653,-0.3927941357821456,-0.17569083961954554,-0.43647568705621437
3.5세대::0020,3.5세대,ITZY,Not shy,178.0,Dm,101.0,2020-08-17,True,6,2020,43.0,0.046511627906976744,0.13953488372093023,0.0,0.5238095238095238,False,False,True,True,False,False,False,False,-0.7357181190858041,-0.9478203884431403,-0.46509324362978177,-0.681572341457379,-0.5856024686024139,1.9063699920903852,-0.17569083961954554,-0.7355346868821395
3.5세대::0068,3.5세대,프로미스나인,Feel Good,223.0,Bbm,125.0,2020-09-16,True,6,2020,48.0,0.0,0.0,0.0,1.0,False,False,True,True,False,False,False,False,1.3352461306476575,0.23255982764101477,-0.46509324362978177,-0.27292479001386105,-0.9700996153125653,-0.3927941357821456,-0.17569083961954554,1.2441516499937044
3세대 걸그룹::0020,3세대 걸그룹,BLACKPINK,Lovesick Girls,192.0,Ebm,128.0,2020-10-02,True,6,2020,48.0,0.0,0.020833333333333332,0.0,0.8085106382978723,False,False,True,False,True,False,True,False,-0.09141813027983824,0.3801073546515341,-0.46509324362978177,-0.27292479001386105,-0.9700996153125653,-0.04951615835673303,-0.17569083961954554,0.448065016654269
4세대 걸그룹::0021,4세대 걸그룹,STAYC,SO BAD,211.0,Gm,169.0,2020-11-12,True,8,2020,60.0,0.0,0.0,0.0,0.5423728813559322,False,False,True,False,False,True,True,False,0.7829889973854012,2.396590223795299,0.8611726511080472,0.7078293334505821,-0.9700996153125653,-0.3927941357821456,-0.17569083961954554,-0.6583604737496914
4세대 걸그룹::0001,4세대 걸그룹,aespa,Black Mamba,175.0,Em,90.0,2020-11-17,True,6,2020,48.0,0.0,0.0,0.0,0.6170212765957447,False,False,True,False,False,True,True,False,-0.8737824024013682,-1.4888279874817114,-0.46509324362978177,-0.27292479001386105,-0.9700996153125653,-0.3927941357821456,-0.17569083961954554,-0.3480216166851659
3.5세대::0079,3.5세대,IZ*ONE,Panorama,220.0,Am,126.0,2020-12-07,True,7,2020,56.0,0.08928571428571429,0.0,0.0,0.8727272727272727,False,False,True,True,False,False,False,False,1.1971818473320934,0.2817423366445212,0.1980397037391327,0.3809112922957677,-0.23200241403861407,-0.3927941357821456,-0.17569083961954554,0.7150354835923423
3.5세대::0007,3.5세대,IDLE,화,197.0,F#m,96.0,2021-01-11,True,6,2021,44.0,0.0,0.045454545454545456,0.0,1.0,False,False,True,True,False,False,False,False,0.13868900857943528,-1.1937329334606726,-0.46509324362978177,-0.5998428311686754,-0.9700996153125653,0.356175996782391,-0.17569083961954554,1.2441516499937044
4세대 걸그룹::0016,4세대 걸그룹,STAYC,ASAP,194.0,F,132.0,2021-04-08,True,5,2021,39.0,0.2564102564102564,0.0,0.0,0.7368421052631579,False,True,False,False,False,True,True,False,0.0006247252638711651,0.57683739066556,-1.1282261909986961,-1.0084903826121934,1.1495641421921148,-0.3927941357821456,-0.17569083961954554,0.15011446382547464
3.5세대::0021,3.5세대,ITZY,마.피.아 In the morning,179.0,F#m,140.0,2021-04-30,True,6,2021,43.0,0.2558139534883721,0.0,0.0,0.6666666666666666,False,False,True,True,False,False,False,False,-0.6896966913139494,0.9702974626936116,-0.46509324362978177,-0.681572341457379,1.144634691593267,-0.3927941357821456,-0.17569083961954554,-0.14162878581938657
3세대 걸그룹::0032,3세대 걸그룹,오마이걸,Dun Dun Dance,224.0,E,115.0,2021-05-10,True,6,2021,48.0,0.020833333333333332,0.0,0.0,0.9787234042553191,False,True,False,False,True,False,True,False,1.3812675584195122,-0.25926526239404984,-0.46509324362978177,-0.27292479001386105,-0.79787693501531,-0.3927941357821456,-0.17569083961954554,1.1556975796226558
3.5세대::0069,3.5세대,프로미스나인,WE GO,176.0,Gb,124.0,2021-05-17,True,6,2021,40.0,0.1,0.0,0.0,0.9487179487179487,False,True,False,True,False,False,False,False,-0.8277609746295135,0.1833773186375083,-0.46509324362978177,-0.9267608723234898,-0.14343074988573992,-0.3927941357821456,-0.17569083961954554,1.0309546598686132
4세대 걸그룹::0019,4세대 걸그룹,STAYC,색안경,197.0,Gb,148.0,2021-09-06,True,6,2021,48.0,0.125,0.0,0.0,0.8723404255319149,False,True,False,False,False,True,True,False,0.13868900857943528,1.3637575347216633,-0.46509324362978177,-0.27292479001386105,0.06323646647096635,-0.3927941357821456,-0.17569083961954554,0.7134272277674144
3.5세대::0022,3.5세대,ITZY,LOCO,188.0,Fm,102.0,2021-09-24,True,7,2021,44.0,0.11363636363636363,0.0,0.0,0.5348837209302325,False,False,True,True,False,False,False,False,-0.27550384136725703,-0.8986378794396338,0.1980397037391327,-0.5998428311686754,-0.030703177327536555,-0.3927941357821456,-0.17569083961954554,-0.6894954697454923
4세대 걸그룹::0002,4세대 걸그룹,aespa,Savage,238.0,A,74.0,2021-10-05,True,7,2021,48.0,0.08333333333333333,0.0,0.0,0.3829787234042553,False,True,False,False,False,True,True,False,2.025567547225478,-2.2757481315378145,0.1980397037391327,-0.27292479001386105,-0.2812088941235442,-0.3927941357821456,-0.17569083961954554,-1.3210163907666979
4세대 걸그룹::0023,4세대 걸그룹,IVE,ELEVEN,178.0,E,120.0,2021-12-01,True,7,2021,52.0,0.3076923076923077,0.0,0.0,0.6274509803921569,False,True,False,False,False,True,True,False,-0.7357181190858041,-0.013352717376517543,0.1980397037391327,0.05399325114095331,1.5734968936930511,-0.3927941357821456,-0.17569083961954554,-0.30466177826798535
4세대 걸그룹::0038,4세대 걸그룹,Kep1er,WA DA DA,183.0,Fm,126.0,2022-01-03,True,6,2022,44.0,0.1590909090909091,0.0,0.0,0.3023255813953488,False,False,True,False,False,True,True,False,-0.5056109802265306,0.2817423366445212,-0.46509324362978177,-0.5998428311686754,0.34505539786647493,-0.3927941357821456,-0.17569083961954554,-1.6563190296150905
3.5세대::0070,3.5세대,프로미스나인,DM,203.0,A,122.0,2022-01-17,True,6,2022,44.0,0.045454545454545456,0.022727272727272728,0.0,0.9767441860465116,False,True,False,True,False,False,False,False,0.4148175752105635,0.08501230063049538,-0.46509324362978177,-0.5998428311686754,-0.5943410401185537,-0.01830906949987731,-0.17569083961954554,1.1474692940067444
4세대 걸그룹::0087,4세대 걸그룹,VIVIZ,BOP BOP!,219.0,Dm,126.0,2022-02-09,True,8,2022,64.0,0.203125,0.109375,0.0,1.0,False,False,True,False,False,True,True,False,1.1511604195602387,0.2817423366445212,0.8611726511080472,1.0347473746053963,0.7090715175856735,1.4094152457012705,-0.17569083961954554,1.2441516499937044
4세대 걸그룹::0017,4세대 걸그룹,STAYC,RUN2U,215.0,Em,130.0,2022-02-21,True,7,2022,56.0,0.21428571428571427,0.03571428571428571,0.0,0.4727272727272727,False,False,True,False,False,True,True,False,0.96707470847282,0.47847237265854703,0.1980397037391327,0.3809112922957677,0.8013336677449173,0.1956823969471331,-0.17569083961954554,-0.9479010393833666
4세대 걸그룹::0076,4세대 걸그룹,NMIXX,O.O,171.0,Em,133.0,2022-02-22,True,9,2022,64.0,0.203125,0.0,0.0,0.4603174603174603,False,False,True,False,False,True,True,False,-1.057868113488787,0.6260198996690665,1.5243055984769618,1.0347473746053963,0.7090715175856735,-0.3927941357821456,-0.17569083961954554,-0.9994928651322522
3.5세대::0008,3.5세대,IDLE,TOMBOY,174.0,G#m,124.0,2022-03-14,True,7,2022,51.0,0.11764705882352941,0.0,0.0,0.7,False,False,True,True,False,False,False,False,-0.9198038301732229,0.1833773186375083,0.1980397037391327,-0.02773625914775028,0.002451991071935065,-0.3927941357821456,-0.17569083961954554,-0.0030507422380775173
4세대 걸그룹::0024,4세대 걸그룹,IVE,LOVE DIVE,179.0,C#m,118.0,2022-04-05,True,7,2022,52.0,0.07692307692307693,0.0,0.0,0.6862745098039216,False,False,True,False,False,True,True,False,-0.6896966913139494,-0.11171773538353046,0.1980397037391327,0.05399325114095331,-0.33420048806116115,-0.3927941357821456,-0.17569083961954554,-0.06011228959508694
4세대 걸그룹::0055,4세대 걸그룹,LE SSERAFIM,FEARLESS,169.0,Am,104.0,2022-05-02,True,6,2022,48.0,0.20833333333333334,0.0,0.0,0.6170212765957447,False,False,True,False,False,True,True,False,-1.1499109690324965,-0.8002728614326209,-0.46509324362978177,-0.27292479001386105,0.7521271876599874,-0.3927941357821456,-0.17569083961954554,-0.3480216166851659
3.5세대::0071,3.5세대,프로미스나인,Stay This Way,194.0,G#m,124.0,2022-06-27,True,6,2022,44.0,0.045454545454545456,0.18181818181818182,0.0,1.0,False,False,True,True,False,False,False,False,0.0006247252638711651,0.1833773186375083,-0.46509324362978177,-0.5998428311686754,-0.5943410401185537,2.603086394476001,-0.17569083961954554,1.2441516499937044
4세대 걸그룹::0003,4세대 걸그룹,aespa,Girls,240.0,Ebm,86.0,2022-07-08,True,10,2022,72.0,0.125,0.027777777777777776,0.0,0.43661971830985913,False,False,True,False,False,True,True,False,2.1176104027691873,-1.6855580234957372,2.1874385458458763,1.688583456915025,0.06323646647096635,0.0649098341184045,-0.17569083961954554,-1.0980124668734914
3.5세대::0023,3.5세대,ITZY,SNEAKERS,180.0,G,120.0,2022-07-16,True,8,2022,60.0,0.08333333333333333,0.0,0.0,0.5932203389830508,False,True,False,True,False,False,False,False,-0.6436752635420947,-0.013352717376517543,0.8611726511080472,0.7078293334505821,-0.2812088941235442,-0.3927941357821456,-0.17569083961954554,-0.44697023777820316
4세대 걸그룹::0022,4세대 걸그룹,STAYC,BEAUTIFUL MONSTER,195.0,Gb,165.0,2022-07-19,True,6,2022,44.0,0.0,0.0,0.0,0.5581395348837209,False,True,False,False,False,True,True,False,0.04664615303572587,2.1998601877812733,-0.46509324362978177,-0.5998428311686754,-0.9700996153125653,-0.3927941357821456,-0.17569083961954554,-0.5928131137585323
4세대 걸그룹::0065,4세대 걸그룹,NewJeans,Attention,177.0,Bb,105.0,2022-08-01,True,5,2022,36.0,0.3333333333333333,0.0,0.0,0.6285714285714286,False,True,False,False,False,True,True,False,-0.7817395468576588,-0.7510903524291145,-1.1282261909986961,-1.2536789134783042,1.7854632694435189,-0.3927941357821456,-0.17569083961954554,-0.300003692769454
4세대 걸그룹::0066,4세대 걸그룹,NewJeans,Hype Boy,177.0,G,100.0,2022-08-01,True,4,2022,32.0,0.03125,0.0,0.0,0.7419354838709677,False,True,False,False,False,True,True,False,-0.7817395468576588,-0.9970028974466467,-1.7913591383676106,-1.5805969546331184,-0.7117655948666823,-0.3927941357821456,-0.17569083961954554,0.17128937710615025
4세대 걸그룹::0067,4세대 걸그룹,NewJeans,Cookie,234.0,Em,79.0,2022-08-01,True,7,2022,52.0,0.3269230769230769,0.019230769230769232,0.0,0.7843137254901961,False,False,True,False,False,True,True,False,1.8414818361380594,-2.0298355865202824,0.1980397037391327,0.05399325114095331,1.732471675505902,-0.07592215662022628,-0.17569083961954554,0.3474701915264103
4세대 걸그룹::0025,4세대 걸그룹,IVE,After Like,177.0,C,125.0,2022-08-22,True,8,2022,58.0,0.27586206896551724,0.0,0.0,0.9473684210526315,False,True,False,False,False,True,True,False,-0.7817395468576588,0.23255982764101477,0.8611726511080472,0.5443703128731748,1.3103662203476423,-0.3927941357821456,-0.17569083961954554,1.0253442127600583
3세대 걸그룹::0022,3세대 걸그룹,BLACKPINK,Pink Venom,186.0,E,90.0,2022-09-16,True,6,2022,44.0,0.22727272727272727,0.045454545454545456,0.0,0.23255813953488372,False,True,False,False,True,False,True,False,-0.3675466969109665,-1.4888279874817114,-0.46509324362978177,-0.5998428311686754,0.9086932606574921,0.356175996782391,-0.17569083961954554,-1.94636609757597
3세대 걸그룹::0023,3세대 걸그룹,BLACKPINK,Shut Down,175.0,Bbm,110.0,2022-09-16,True,6,2022,46.0,0.5,0.0,0.0,1.0,False,False,True,False,True,False,True,False,-0.8737824024013682,-0.5051778074115821,-0.46509324362978177,-0.43638381059126824,3.1632447118215614,-0.3927941357821456,-0.17569083961954554,1.2441516499937044
4세대 걸그룹::0077,4세대 걸그룹,NMIXX,DICE,165.0,Gm,131.0,2022-09-19,True,9,2022,72.0,0.08333333333333333,0.125,0.0,0.5070422535211268,False,False,True,False,False,True,True,False,-1.3339966801199152,0.5276548816620535,1.5243055984769618,1.688583456915025,-0.2812088941235442,1.66687372877033,-0.17569083961954554,-0.8052419522650919
4세대 걸그룹::0056,4세대 걸그룹,LE SSERAFIM,ANTIFRAGILE,185.0,Fm,105.0,2022-10-17,True,7,2022,48.0,0.041666666666666664,0.0,0.0,0.2553191489361702,False,False,True,False,False,True,True,False,-0.41356812468282117,-0.7510903524291145,0.1980397037391327,-0.27292479001386105,-0.6256542547180548,-0.3927941357821456,-0.17569083961954554,-1.851740812992988
3.5세대::0009,3.5세대,IDLE,Nxde,180.0,Am,136.0,2022-10-17,True,8,2022,60.0,0.21666666666666667,0.03333333333333333,0.0,0.8305084745762712,False,False,True,True,False,False,False,False,-0.6436752635420947,0.7735674266795858,0.8611726511080472,0.7078293334505821,0.8210162597788896,0.15645062809851454,-0.17569083961954554,0.539517530088743
3.5세대::0024,3.5세대,ITZY,Cheshire,182.0,Am,99.0,2022-11-30,True,8,2022,60.0,0.16666666666666666,0.016666666666666666,0.0,0.5932203389830508,False,False,True,True,False,False,False,False,-0.5516324079983853,-1.0461854064501532,0.8611726511080472,0.7078293334505821,0.4076818270654768,-0.11817175384181554,-0.17569083961954554,-0.44697023777820316
4세대 걸그룹::0069,4세대 걸그룹,NewJeans,Ditto,187.0,F#m,134.0,2023-01-02,True,5,2023,40.0,0.0,0.125,0.0,0.8717948717948718,False,False,True,False,False,True,True,False,-0.3215252691391118,0.6752024086725729,-1.1282261909986961,-0.9267608723234898,-0.9700996153125653,1.66687372877033,-0.17569083961954554,0.7111591746809772
4세대 걸그룹::0068,4세대 걸그룹,NewJeans,OMG,212.0,Dm,127.0,2023-01-02,True,7,2023,54.0,0.0,0.0,0.0,0.7358490566037735,False,False,True,False,False,True,True,False,0.8290104251572559,0.33092484564802765,0.1980397037391327,0.21745227171836048,-0.9700996153125653,-0.3927941357821456,-0.17569083961954554,0.145986021613519
4세대 걸그룹::0053,4세대 걸그룹,H1-KEY,건물 사이에 피어난 장미,194.0,Gb,94.0,2023-01-05,True,6,2023,44.0,0.13636363636363635,0.0,0.0,0.9767441860465116,False,True,False,False,False,True,True,False,0.0006247252638711651,-1.2920979514676856,-0.46509324362978177,-0.5998428311686754,0.15717611026946912,-0.3927941357821456,-0.17569083961954554,1.1474692940067444
4세대 걸그룹::0015,4세대 걸그룹,STAYC,Teddy Bear,190.0,G,119.0,2023-02-14,True,6,2023,44.0,0.0,0.0,0.0,0.5813953488372093,False,True,False,False,False,True,True,False,-0.18346098582354764,-0.062535226380024,-0.46509324362978177,-0.5998428311686754,-0.9700996153125653,-0.3927941357821456,-0.17569083961954554,-0.4961307577715723
4세대 걸그룹::0078,4세대 걸그룹,NMIXX,Love me Like This,188.0,G#m,97.0,2023-03-20,True,8,2023,54.0,0.14814814814814814,0.07407407407407407,0.0,0.5849056603773585,False,False,True,False,False,True,True,False,-0.27550384136725703,-1.144550424457166,0.8611726511080472,0.21745227171836048,0.25459500013458325,0.8277497839526546,-0.17569083961954554,-0.4815371946037295
3세대 걸그룹::0009,3세대 걸그룹,JISOO,꽃,173.0,Am,124.0,2023-03-31,True,6,2023,48.0,0.0625,0.0,0.0,0.8297872340425532,False,False,True,False,True,False,True,False,-0.9658252579450776,0.1833773186375083,-0.46509324362978177,-0.27292479001386105,-0.45343157442079945,-0.3927941357821456,-0.17569083961954554,0.5365190870253175
4세대 걸그룹::0027,4세대 걸그룹,IVE,I AM,183.0,G,122.0,2023-04-10,True,6,2023,42.0,0.09523809523809523,0.0,0.0,0.975609756097561,False,True,False,False,False,True,True,False,-0.5056109802265306,0.08501230063049538,-0.46509324362978177,-0.7633018517460826,-0.18279593395368407,-0.3927941357821456,-0.17569083961954554,1.1427530815195757
4세대 걸그룹::0026,4세대 걸그룹,IVE,Kitsch,195.0,G#m,102.0,2023-04-10,True,7,2023,50.0,0.0,0.0,0.0,0.4489795918367347,False,False,True,False,False,True,True,False,0.04664615303572587,-0.8986378794396338,0.1980397037391327,-0.10946576943645388,-0.9700996153125653,-0.3927941357821456,-0.17569083961954554,-1.0466282541054865
4세대 걸그룹::0057,4세대 걸그룹,LE SSERAFIM,UNFORGIVEN,181.0,Em,104.0,2023-05-01,True,6,2023,44.0,0.09090909090909091,0.0,0.0,0.18604651162790697,False,False,True,False,False,True,True,False,-0.59765383577024,-0.8002728614326209,-0.46509324362978177,-0.5998428311686754,-0.21858246492454225,-0.3927941357821456,-0.17569083961954554,-2.1397308095498895
4세대 걸그룹::0058,4세대 걸그룹,LE SSERAFIM,"이브,프시케 그리고 푸른 수염의 아내",184.0,Eb,143.0,2023-05-01,True,6,2023,48.0,0.125,0.0,0.0,0.3829787234042553,False,True,False,False,False,True,True,False,-0.45958955245467586,1.117844989704131,-0.46509324362978177,-0.27292479001386105,0.06323646647096635,-0.3927941357821456,-0.17569083961954554,-1.3210163907666979
4세대 걸그룹::0004,4세대 걸그룹,aespa,Spicy,197.0,Em,115.0,2023-05-08,True,6,2023,44.0,0.13636363636363635,0.0,0.0,0.20930232558139536,False,False,True,False,False,True,True,False,0.13868900857943528,-0.25926526239404984,-0.46509324362978177,-0.5998428311686754,0.15717611026946912,-0.3927941357821456,-0.17569083961954554,-2.0430484535629296
3.5세대::0010,3.5세대,IDLE,퀸카,160.0,Em,130.0,2023-05-15,True,5,2023,40.0,0.0,0.0,0.0,0.9487179487179487,False,False,True,True,False,False,False,False,-1.5641038189791887,0.47847237265854703,-1.1282261909986961,-0.9267608723234898,-0.9700996153125653,-0.3927941357821456,-0.17569083961954554,1.0309546598686132
4세대 걸그룹::0080,4세대 걸그룹,NMIXX,Party O'clock,184.0,Em,128.0,2023-07-11,True,6,2023,48.0,0.041666666666666664,0.0,0.16666666666666666,0.7872340425531915,False,False,True,False,False,True,True,False,-0.45958955245467586,0.3801073546515341,-0.46509324362978177,-0.27292479001386105,-0.6256542547180548,-0.3927941357821456,5.168923913181133,0.359610946283221
4세대 걸그룹::0081,4세대 걸그룹,NMIXX,Roller Coaster,178.0,D,120.0,2023-07-11,True,10,2023,64.0,0.375,0.015625,0.0,0.746031746031746,False,True,False,False,False,True,True,False,-0.7357181190858041,-0.013352717376517543,2.1874385458458763,1.0347473746053963,2.1299086300380297,-0.13533565271308617,-0.17569083961954554,0.1883189369932543
4세대 걸그룹::0079,4세대 걸그룹,NMIXX,"Young, Dumb, Stupid",190.0,D,94.0,2023-07-11,True,7,2023,46.0,0.06521739130434782,0.0,0.17391304347826086,0.4444444444444444,False,True,False,False,False,True,True,False,-0.18346098582354764,-1.2920979514676856,0.1980397037391327,-0.43638381059126824,-0.43096774655594006,-0.3927941357821456,5.401298467650728,-1.0654824096947804
4세대 걸그룹::0070,4세대 걸그룹,NewJeans,Super Shy,154.0,Fm,150.0,2023-07-21,True,4,2023,32.0,0.0,0.0,0.0,0.4838709677419355,False,False,True,False,False,True,True,False,-1.8402323856103169,1.4621225527286763,-1.7913591383676106,-1.5805969546331184,-0.9700996153125653,-0.3927941357821456,-0.17569083961954554,-0.9015728957814039
4세대 걸그룹::0071,4세대 걸그룹,NewJeans,ETA,151.0,Bbm,135.0,2023-07-21,True,5,2023,36.0,0.16666666666666666,0.0,0.0,0.42857142857142855,False,False,True,False,False,True,True,False,-1.9782966689258812,0.7243849176760794,-1.1282261909986961,-1.2536789134783042,0.4076818270654768,-0.3927941357821456,-0.17569083961954554,-1.1314719542573086
4세대 걸그룹::0072,4세대 걸그룹,NewJeans,Cool With You,145.0,Cm,135.0,2023-07-21,True,5,2023,40.0,0.225,0.0,0.0,0.7692307692307693,False,False,True,False,False,True,True,False,-2.2544252355570094,0.7243849176760794,-1.1282261909986961,-0.9267608723234898,0.8899053318977916,-0.3927941357821456,-0.17569083961954554,0.28476519443079557
3세대 걸그룹::0033,3세대 걸그룹,오마이걸,여름이 들려,200.0,Bbm,123.0,2023-07-24,True,6,2023,44.0,0.38636363636363635,0.0,0.0,0.8837209302325582,False,False,True,False,True,False,True,False,0.27675329189499936,0.13419480963400182,-0.46509324362978177,-0.5998428311686754,2.2238482738365324,-0.3927941357821456,-0.17569083961954554,0.7607398700589053
3.5세대::0025,3.5세대,ITZY,CAKE,199.0,G,103.0,2023-07-31,True,7,2023,56.0,0.07142857142857142,0.0,0.0,0.5818181818181818,False,True,False,True,False,False,False,False,0.23073186412314467,-0.8494553704361274,0.1980397037391327,0.3809112922957677,-0.37962185429340434,-0.3927941357821456,-0.17569083961954554,-0.49437289675362783
4세대 걸그룹::0030,4세대 걸그룹,IVE,Either Way,167.0,G#m,123.0,2023-10-13,True,7,2023,52.0,0.25,0.0,0.0,1.0,False,False,True,False,False,True,True,False,-1.2419538245762058,0.13419480963400182,0.1980397037391327,0.05399325114095331,1.096572548254498,-0.3927941357821456,-0.17569083961954554,1.2441516499937044
4세대 걸그룹::0028,4세대 걸그룹,IVE,Off The Record,188.0,Cm,108.0,2023-10-13,True,6,2023,44.0,0.3409090909090909,0.0,0.0,0.9767441860465116,False,False,True,False,False,True,True,False,-0.27550384136725703,-0.603542825418595,-0.46509324362978177,-0.5998428311686754,1.8480896986425206,-0.3927941357821456,-0.17569083961954554,1.1474692940067444
4세대 걸그룹::0029,4세대 걸그룹,IVE,Baddie,154.0,C,80.0,2023-10-13,True,7,2023,52.0,0.3076923076923077,0.0,0.0,0.47058823529411764,False,True,False,False,False,True,True,False,-1.8402323856103169,-1.9806530775167759,0.1980397037391327,0.05399325114095331,1.5734968936930511,-0.3927941357821456,-0.17569083961954554,-0.956793748062381
4세대 걸그룹::0088,4세대 걸그룹,VIVIZ,MANIAC,193.0,E,115.0,2023-11-02,True,7,2023,52.0,0.5192307692307693,0.0,0.0,1.0,False,True,False,False,False,True,True,False,-0.04539670250798354,-0.25926526239404984,0.1980397037391327,0.05399325114095331,3.3222194936344125,-0.3927941357821456,-0.17569083961954554,1.2441516499937044
4세대 걸그룹::0005,4세대 걸그룹,aespa,Drama,215.0,C#m,131.0,2023-11-10,True,6,2023,44.0,0.3409090909090909,0.045454545454545456,0.0,0.6046511627906976,False,False,True,False,False,True,True,False,0.96707470847282,0.5276548816620535,-0.46509324362978177,-0.5998428311686754,1.8480896986425206,0.356175996782391,-0.17569083961954554,-0.39944840178461277
4세대 걸그룹::0082,4세대 걸그룹,NMIXX,DASH,168.0,Cm,90.0,2024-01-16,True,6,2024,40.0,0.175,0.0,0.0,0.48717948717948717,False,False,True,False,False,True,True,False,-1.1959323968043511,-1.4888279874817114,-0.46509324362978177,-0.9267608723234898,0.4765708991843789,-0.3927941357821456,-0.17569083961954554,-0.8878182512572046
3.5세대::0012,3.5세대,IDLE,Super Lady,152.0,Em,122.0,2024-01-29,True,6,2024,48.0,0.041666666666666664,0.0,0.0,0.19148936170212766,False,False,True,True,False,False,False,False,-1.9322752411540265,0.08501230063049538,-0.46509324362978177,-0.27292479001386105,-0.6256542547180548,-0.3927941357821456,-0.17569083961954554,-2.117103024106133
4세대 걸그룹::0059,4세대 걸그룹,LE SSERAFIM,EASY,163.0,Am,82.0,2024-02-19,True,4,2024,32.0,0.0,0.0,0.0,1.0,False,False,True,False,False,True,True,False,-1.4260395356636246,-1.882288059509763,-1.7913591383676106,-1.5805969546331184,-0.9700996153125653,-0.3927941357821456,-0.17569083961954554,1.2441516499937044
4세대 걸그룹::0101,4세대 걸그룹,KISS OF LIFE,Midas Touch,163.0,C#m,119.0,2024-04-03,True,6,2024,44.0,0.20454545454545456,0.022727272727272728,0.13636363636363635,0.7441860465116279,False,False,True,False,False,True,True,False,-1.4260395356636246,-0.062535226380024,-0.46509324362978177,-0.5998428311686754,0.7208139730604866,-0.01830906949987731,4.197175776308282,0.1806457341371463
4세대 걸그룹::0031,4세대 걸그룹,IVE,Accendio,192.0,Cm,140.0,2024-04-29,True,6,2024,52.0,0.3076923076923077,0.0,0.0,0.6470588235294118,False,False,True,False,False,True,True,False,-0.09141813027983824,0.9702974626936116,-0.46509324362978177,0.05399325114095331,1.5734968936930511,-0.3927941357821456,-0.17569083961954554,-0.22314528204368575
4세대 걸그룹::0032,4세대 걸그룹,IVE,해야,190.0,Fm,92.0,2024-04-29,True,7,2024,52.0,0.4230769230769231,0.0,0.0,0.5882352941176471,False,False,True,False,False,True,True,False,-0.18346098582354764,-1.3904629694746984,0.1980397037391327,0.05399325114095331,2.5273455845701567,-0.3927941357821456,-0.17569083961954554,-0.46769477071658416
4세대 걸그룹::0074,4세대 걸그룹,NewJeans,Bubble Gum,196.0,F#m,105.0,2024-05-24,True,5,2024,36.0,0.05555555555555555,0.0,0.0,0.8285714285714286,False,False,True,False,False,True,True,False,0.09266758080758057,-0.7510903524291145,-1.1282261909986961,-1.2536789134783042,-0.5108391345198846,-0.3927941357821456,-0.17569083961954554,0.5314645687184008
4세대 걸그룹::0073,4세대 걸그룹,NewJeans,How Sweet,219.0,Ebm,125.0,2024-05-24,True,7,2024,48.0,0.0,0.0,0.0,0.2978723404255319,False,False,True,False,False,True,True,False,1.1511604195602387,0.23255982764101477,0.1980397037391327,-0.27292479001386105,-0.9700996153125653,-0.3927941357821456,-0.17569083961954554,-1.6748326722508913
4세대 걸그룹::0007,4세대 걸그룹,aespa,Armageddon,195.0,Am,92.0,2024-05-27,True,7,2024,56.0,0.21428571428571427,0.0,0.0,0.5454545454545454,False,False,True,False,False,True,True,False,0.04664615303572587,-1.3904629694746984,0.1980397037391327,0.3809112922957677,0.8013336677449173,-0.3927941357821456,-0.17569083961954554,-0.6455489442968741
4세대 걸그룹::0006,4세대 걸그룹,aespa,Supernova,179.0,Em,120.0,2024-05-27,True,7,2024,56.0,0.19642857142857142,0.0,0.0,0.7636363636363637,False,False,True,False,False,True,True,False,-0.6896966913139494,-0.013352717376517543,0.1980397037391327,0.3809112922957677,0.6537142274901272,-0.3927941357821456,-0.17569083961954554,0.26150734096260375
4세대 걸그룹::0075,4세대 걸그룹,NewJeans,Supernatural,211.0,Bbm,109.0,2024-06-21,True,7,2024,56.0,0.125,0.0,0.0,0.8545454545454545,False,False,True,False,False,True,True,False,0.7829889973854012,-0.5543603164150886,0.1980397037391327,0.3809112922957677,0.06323646647096635,-0.3927941357821456,-0.17569083961954554,0.6394474598207192
3세대 걸그룹::0091,3세대 걸그룹,레드벨벳,Cosmic,226.0,Fm,106.0,2024-06-24,True,6,2024,40.0,0.2,0.125,0.0,0.5384615384615384,False,False,True,False,True,False,True,False,1.4733104139632216,-0.701907843425608,-0.46509324362978177,-0.9267608723234898,0.6832381155410854,1.66687372877033,-0.17569083961954554,-0.6746212611321137
4세대 보이그룹::0015,4세대 보이그룹,TWS,내가 S면 넌 나의 N이 되어줘,167.0,D,118.0,2024-06-24,True,6,2024,48.0,0.16666666666666666,0.0,0.0,0.8723404255319149,False,True,False,False,False,True,False,True,-1.2419538245762058,-0.11171773538353046,-0.46509324362978177,-0.27292479001386105,0.4076818270654768,-0.3927941357821456,-0.17569083961954554,0.7134272277674144
4세대 걸그룹::0099,4세대 걸그룹,KISS OF LIFE,Sticky,157.0,Ab,100.0,2024-07-01,True,5,2024,40.0,0.025,0.0,0.0,0.9487179487179487,False,True,False,False,False,True,True,False,-1.7021681022947528,-0.9970028974466467,-1.1282261909986961,-0.9267608723234898,-0.763432398955859,-0.3927941357821456,-0.17569083961954554,1.0309546598686132
3.5세대::0013,3.5세대,IDLE,클락션,174.0,G,120.0,2024-07-08,True,6,2024,48.0,0.0625,0.0,0.0,0.7872340425531915,False,True,False,True,False,False,False,False,-0.9198038301732229,-0.013352717376517543,-0.46509324362978177,-0.27292479001386105,-0.45343157442079945,-0.3927941357821456,-0.17569083961954554,0.359610946283221
3.5세대::0072,3.5세대,프로미스나인,Supersonic,174.0,F#m,140.0,2024-08-12,True,6,2024,40.0,0.05,0.15,0.0,0.9230769230769231,False,False,True,True,False,False,False,False,-0.9198038301732229,0.9702974626936116,-0.46509324362978177,-0.9267608723234898,-0.5567651825991525,2.078807301680825,-0.17569083961954554,0.9243561648060683
4세대 걸그룹::0083,4세대 걸그룹,NMIXX,별별별,189.0,Gm,92.0,2024-08-19,True,7,2024,50.0,0.28,0.0,0.0,0.7142857142857143,False,False,True,False,False,True,True,False,-0.22948241359540236,-1.3904629694746984,0.1980397037391327,-0.10946576943645388,1.3445732078825456,-0.3927941357821456,-0.17569083961954554,0.056339847868198054
4세대 걸그룹::0139,4세대 걸그룹,RESCENE,Love Attack,181.0,Ebm,112.0,2024-08-27,True,6,2024,40.0,0.0,0.0,0.0,0.9743589743589743,False,False,True,False,False,True,True,False,-0.59765383577024,-0.4068127894045692,-0.46509324362978177,-0.9267608723234898,-0.9700996153125653,-0.3927941357821456,-0.17569083961954554,1.1375531549311588
4세대 걸그룹::0142,4세대 걸그룹,RESCENE,Pinball,193.0,Cm,85.0,2024-08-27,True,7,2024,46.0,0.043478260869565216,0.15217391304347827,0.0,1.0,False,False,True,False,False,True,True,False,-0.04539670250798354,-1.7347405324992435,0.1980397037391327,-0.43638381059126824,-0.6106783694748151,2.1146276123686945,-0.17569083961954554,1.2441516499937044
4세대 걸그룹::0060,4세대 걸그룹,LE SSERAFIM,CRAZY,164.0,Em,130.0,2024-08-30,True,4,2024,28.0,0.0,0.0,0.0,0.0,False,False,True,False,False,True,True,False,-1.38001810789177,0.47847237265854703,-1.7913591383676106,-1.907514995787933,-0.9700996153125653,-0.3927941357821456,-0.17569083961954554,-2.9131896574455682
4세대 걸그룹::0132,4세대 걸그룹,MEOVV,MEOW,172.0,Gm,130.0,2024-09-06,True,6,2024,48.0,0.0,0.0,0.16666666666666666,0.3191489361702128,False,False,True,False,False,True,True,False,-1.0118466857169324,0.47847237265854703,-0.46509324362978177,-0.27292479001386105,-0.9700996153125653,-0.3927941357821456,5.168923913181133,-1.5863786018798427
4세대 걸그룹::0047,4세대 걸그룹,FIFTY FIFTY,SOS,187.0,Bbm,124.0,2024-09-20,True,6,2024,48.0,0.25,0.0,0.0,1.0,False,False,True,False,False,True,True,False,-0.3215252691391118,0.1833773186375083,-0.46509324362978177,-0.27292479001386105,1.096572548254498,-0.3927941357821456,-0.17569083961954554,1.2441516499937044
4세대 걸그룹::0105,4세대 걸그룹,QWER,내 이름 맑음,188.0,G,148.0,2024-09-23,True,8,2024,72.0,0.1527777777777778,0.06944444444444445,0.0,0.8450704225352113,False,True,False,False,False,True,True,False,-0.27550384136725703,1.3637575347216633,0.8611726511080472,1.688583456915025,0.2928667068673068,0.7514657889692298,-0.17569083961954554,0.6000565178552255
4세대 걸그룹::0091,4세대 걸그룹,최예나,네모네모,178.0,Db,138.0,2024-09-30,True,8,2024,63.0,0.12698412698412698,0.047619047619047616,0.0,0.8709677419354839,False,True,False,False,False,True,True,False,-0.7357181190858041,0.8719324446865987,0.8611726511080472,0.9530178643166928,0.07963862649927632,0.391841241190226,-0.17569083961954554,0.7077205135499274
3.5세대::0028,3.5세대,ITZY,Imaginary Friend,200.0,D,134.0,2024-10-15,True,5,2024,40.0,0.25,0.0,0.0,0.7435897435897436,False,True,False,True,False,False,False,False,0.27675329189499936,0.6752024086725729,-1.1282261909986961,-0.9267608723234898,1.096572548254498,-0.3927941357821456,-0.17569083961954554,0.17816669936825003
4세대 걸그룹::0100,4세대 걸그룹,KISS OF LIFE,Igloo,130.0,Em,70.0,2024-10-15,True,5,2024,40.0,0.0,0.0,0.0,0.0,False,False,True,False,False,True,True,False,-2.94474665213483,-2.4724781675518406,-1.1282261909986961,-0.9267608723234898,-0.9700996153125653,-0.3927941357821456,-0.17569083961954554,-2.9131896574455682
3세대 걸그룹::0006,3세대 걸그룹,ROSE,APT,169.0,Cm,149.0,2024-10-18,True,8,2024,60.0,0.03333333333333333,0.0,0.0,0.576271186440678,False,False,True,False,True,False,True,False,-1.1499109690324965,1.4129400437251698,0.8611726511080472,0.7078293334505821,-0.6945433268369569,-0.3927941357821456,-0.17569083961954554,-0.5174336497686991
4세대 걸그룹::0008,4세대 걸그룹,aespa,Whiplash,183.0,Ebm,126.0,2024-10-21,True,6,2024,48.0,0.0,0.020833333333333332,0.0,0.1702127659574468,False,False,True,False,False,True,True,False,-0.5056109802265306,0.2817423366445212,-0.46509324362978177,-0.27292479001386105,-0.9700996153125653,-0.04951615835673303,-0.17569083961954554,-2.205557094477181
4세대 걸그룹::0133,4세대 걸그룹,MEOVV,TOXIC,190.0,Am,115.0,2024-11-18,True,5,2024,34.0,0.058823529411764705,0.0,0.0,0.5757575757575758,False,False,True,False,False,True,True,False,-0.18346098582354764,-0.25926526239404984,-1.1282261909986961,-1.4171379340557113,-0.48382381212031506,-0.3927941357821456,-0.17569083961954554,-0.5195689046775019
4세대 보이그룹::0016,4세대 보이그룹,TWS,마지막 축제,189.0,Ebm,118.0,2024-11-25,True,6,2024,40.0,0.0,0.0,0.0,0.5384615384615384,False,False,True,False,False,True,False,True,-0.22948241359540236,-0.11171773538353046,-0.46509324362978177,-0.9267608723234898,-0.9700996153125653,-0.3927941357821456,-0.17569083961954554,-0.6746212611321137
4세대 걸그룹::0127,4세대 걸그룹,izna,IZNA,154.0,C#m,106.0,2024-11-25,True,6,2024,44.0,0.045454545454545456,0.0,0.09090909090909091,0.6511627906976745,False,False,True,False,False,True,True,False,-1.8402323856103169,-0.701907843425608,-0.46509324362978177,-0.5998428311686754,-0.5943410401185537,-0.3927941357821456,2.7395535709990066,-0.20608368981069278
3세대 걸그룹::0048,3세대 걸그룹,여자친구,우리의 다정한 계절 속에,185.0,Cm,130.0,2025-01-13,True,8,2025,64.0,0.109375,0.0,0.0,0.9047619047619048,False,False,True,False,True,False,True,False,-0.41356812468282117,0.47847237265854703,0.8611726511080472,1.0347473746053963,-0.0659305437519751,-0.3927941357821456,-0.17569083961954554,0.8482143826185357
4세대 걸그룹::0034,4세대 걸그룹,IVE,ATTITUDE,195.0,Fm,118.0,2025-02-03,True,6,2025,44.0,0.1590909090909091,0.0,0.18181818181818182,0.813953488372093,False,False,True,False,False,True,True,False,0.04664615303572587,-0.11171773538353046,-0.46509324362978177,-0.5998428311686754,0.34505539786647493,-0.3927941357821456,5.654797981617559,0.47069280209802583
4세대 걸그룹::0033,4세대 걸그룹,IVE,REBEL HEART,185.0,G,128.0,2025-02-03,True,8,2025,50.0,0.04,0.0,0.0,0.8979591836734694,False,True,False,False,False,True,True,False,-0.41356812468282117,0.3801073546515341,0.8611726511080472,-0.10946576943645388,-0.639432069141835,-0.3927941357821456,-0.17569083961954554,0.8199331492345949
4세대 걸그룹::0143,4세대 걸그룹,RESCENE,Glow Up,148.0,D,118.0,2025-02-05,True,5,2025,40.0,0.0,0.0,0.0,1.0,False,True,False,False,False,True,True,False,-2.116360952241445,-0.11171773538353046,-1.1282261909986961,-0.9267608723234898,-0.9700996153125653,-0.3927941357821456,-0.17569083961954554,1.2441516499937044
4세대 걸그룹::0150,4세대 걸그룹,Hearts2Hearts,The Chase,178.0,D,126.0,2025-02-24,True,6,2025,48.0,0.3541666666666667,0.08333333333333333,0.0,0.5106382978723404,False,True,False,False,False,True,True,False,-0.7357181190858041,0.2817423366445212,-0.46509324362978177,-0.27292479001386105,1.9576859497407744,0.9803177739195047,-0.17569083961954554,-0.7902919685404078
4세대 걸그룹::0061,4세대 걸그룹,LE SSERAFIM,HOT,143.0,Dm,128.0,2025-03-14,True,5,2025,40.0,0.0,0.0,0.0,1.0,False,False,True,False,False,True,True,False,-2.3464680911007187,0.3801073546515341,-1.1282261909986961,-0.9267608723234898,-0.9700996153125653,-0.3927941357821456,-0.17569083961954554,1.2441516499937044
4세대 걸그룹::0084,4세대 걸그룹,NMIXX,KNOW ABOUT ME,162.0,Am,85.0,2025-03-17,True,7,2025,44.0,0.09090909090909091,0.0,0.0,0.8604651162790697,False,False,True,False,False,True,True,False,-1.4720609634354793,-1.7347405324992435,0.1980397037391327,-0.5998428311686754,-0.21858246492454225,-0.3927941357821456,-0.17569083961954554,0.6640575140719454
4세대 걸그룹::0018,4세대 걸그룹,STAYC,BEBE,179.0,Bbm,125.0,2025-03-18,True,7,2025,52.0,0.057692307692307696,0.0,0.0,0.43137254901960786,False,False,True,False,False,True,True,False,-0.6896966913139494,0.23255982764101477,0.1980397037391327,0.05399325114095331,-0.49317526987401217,-0.3927941357821456,-0.17569083961954554,-1.1198267405109799
4세대 걸그룹::0152,4세대 걸그룹,KIIKII,I DO ME,191.0,Db,97.0,2025-03-24,True,7,2025,55.0,0.0,0.0,0.0,0.9629629629629629,False,True,False,False,False,True,True,False,-0.13743955805169294,-1.144550424457166,0.1980397037391327,0.2991817820070641,-0.9700996153125653,-0.3927941357821456,-0.17569083961954554,1.0901760460144718
4세대 걸그룹::0128,4세대 걸그룹,izna,SIGN,164.0,Gm,125.0,2025-03-31,True,6,2025,48.0,0.0625,0.0,0.0,0.9148936170212766,False,False,True,False,False,True,True,False,-1.38001810789177,0.23255982764101477,-0.46509324362978177,-0.27292479001386105,-0.45343157442079945,-0.3927941357821456,-0.17569083961954554,0.8903353685095109
4세대 보이그룹::0017,4세대 보이그룹,TWS,마음따라 뛰는건 멋지지 않아?,150.0,Eb,117.0,2025-04-21,True,4,2025,32.0,0.125,0.0,0.0,1.0,False,True,False,False,False,True,False,True,-2.0243180966977357,-0.16090024438703693,-1.7913591383676106,-1.5805969546331184,0.06323646647096635,-0.3927941357821456,-0.17569083961954554,1.2441516499937044
4세대 걸그룹::0048,4세대 걸그룹,FIFTY FIFTY,Pookie,151.0,Fm,116.0,2025-04-29,True,4,2025,32.0,0.25,0.0,0.0,1.0,False,False,True,False,False,True,True,False,-1.9782966689258812,-0.2100827533905434,-1.7913591383676106,-1.5805969546331184,1.096572548254498,-0.3927941357821456,-0.17569083961954554,1.2441516499937044
4세대 걸그룹::0136,4세대 걸그룹,MEOVV,DROP TOP,195.0,Gb,95.0,2025-05-12,True,6,2025,44.0,0.045454545454545456,0.0,0.0,1.0,False,True,False,False,False,True,True,False,0.04664615303572587,-1.242915442464179,-0.46509324362978177,-0.5998428311686754,-0.5943410401185537,-0.3927941357821456,-0.17569083961954554,1.2441516499937044
4세대 걸그룹::0135,4세대 걸그룹,MEOVV,HANDS UP,190.0,F,140.0,2025-05-12,True,6,2025,44.0,0.0,0.0,0.2727272727272727,0.37209302325581395,False,True,False,False,False,True,True,False,-0.18346098582354764,0.9702974626936116,-0.46509324362978177,-0.5998428311686754,-0.9700996153125653,-0.3927941357821456,8.570042392236111,-1.366271961654211
3.5세대::0014,3.5세대,IDLE,Good Thing,154.0,C#m,132.0,2025-05-19,True,5,2025,40.0,0.0,0.0,0.0,0.9487179487179487,False,False,True,True,False,False,False,False,-1.8402323856103169,0.57683739066556,-1.1282261909986961,-0.9267608723234898,-0.9700996153125653,-0.3927941357821456,-0.17569083961954554,1.0309546598686132
4세대 걸그룹::0129,4세대 걸그룹,izna,BEEP,164.0,F,143.0,2025-06-09,True,6,2025,48.0,0.14583333333333334,0.0,0.0,0.9148936170212766,False,True,False,False,False,True,True,False,-1.38001810789177,1.117844989704131,-0.46509324362978177,-0.27292479001386105,0.2354591467682217,-0.3927941357821456,-0.17569083961954554,0.8903353685095109
3.5세대::0029,3.5세대,ITZY,Girls Will Be Girls,166.0,Ebm,130.0,2025-06-09,True,6,2025,44.0,0.0,0.13636363636363635,0.0,0.627906976744186,False,False,True,True,False,False,False,False,-1.2879752523480605,0.47847237265854703,-0.46509324362978177,-0.5998428311686754,-0.9700996153125653,1.854116261911464,-0.17569083961954554,-0.30276604579765276
4세대 걸그룹::0147,4세대 걸그룹,Hearts2Hearts,STYLE,210.0,F,127.0,2025-06-18,True,6,2025,48.0,0.020833333333333332,0.0,0.0,0.9787234042553191,False,True,False,False,False,True,True,False,0.7369675696135464,0.33092484564802765,-0.46509324362978177,-0.27292479001386105,-0.79787693501531,-0.3927941357821456,-0.17569083961954554,1.1556975796226558
3.5세대::0073,3.5세대,프로미스나인,LIKE YOU BETTER,185.0,Gb,129.0,2025-06-25,True,6,2025,44.0,0.0,0.022727272727272728,0.0,0.7441860465116279,False,True,False,True,False,False,False,False,-0.41356812468282117,0.42928986365504057,-0.46509324362978177,-0.5998428311686754,-0.9700996153125653,-0.01830906949987731,-0.17569083961954554,0.1806457341371463
4세대 걸그룹::0051,4세대 걸그룹,H1-KEY,여름이었다,192.0,A,180.0,2025-06-26,True,7,2025,52.0,0.0,0.0,0.0,0.9019607843137255,False,True,False,False,False,True,True,False,-0.09141813027983824,2.93759782283387,0.1980397037391327,0.05399325114095331,-0.9700996153125653,-0.3927941357821456,-0.17569083961954554,0.8365691688722071
4세대 걸그룹::0009,4세대 걸그룹,aespa,Dirty Work,180.0,Gm,98.0,2025-06-27,True,7,2025,56.0,0.125,0.03571428571428571,0.0,0.23636363636363636,False,False,True,False,False,True,True,False,-0.6436752635420947,-1.0953679154536597,0.1980397037391327,0.3809112922957677,0.06323646647096635,0.1956823969471331,-0.17569083961954554,-1.9305453484144675
4세대 걸그룹::0140,4세대 걸그룹,RESCENE,déjà vu,183.0,A,125.0,2025-07-02,True,6,2025,44.0,0.045454545454545456,0.0,0.0,0.6744186046511628,False,True,False,False,False,True,True,False,-0.5056109802265306,0.23255982764101477,-0.46509324362978177,-0.5998428311686754,-0.5943410401185537,-0.3927941357821456,-0.17569083961954554,-0.10940133382373324
3세대 걸그룹::0024,3세대 걸그룹,BLACKPINK,JUMP,164.0,Gm,145.0,2025-07-11,True,6,2025,44.0,0.25,0.0,0.0,0.6046511627906976,False,False,True,False,True,False,True,False,-1.38001810789177,1.216210007711144,-0.46509324362978177,-0.5998428311686754,1.096572548254498,-0.3927941357821456,-0.17569083961954554,-0.39944840178461277
4세대 걸그룹::0020,4세대 걸그룹,STAYC,I WANT IT,185.0,E,130.0,2025-07-23,True,6,2025,40.0,0.35,0.0,0.0,0.5128205128205128,False,True,False,False,False,True,True,False,-0.41356812468282117,0.47847237265854703,-0.46509324362978177,-0.9267608723234898,1.923241413681323,-0.3927941357821456,-0.17569083961954554,-0.7812197561946593
4세대 걸그룹::0153,4세대 걸그룹,KIIKII,DANCING ALONE,199.0,C#m,169.0,2025-08-20,True,6,2025,48.0,0.0,0.0,0.0,0.8723404255319149,False,False,True,False,False,True,True,False,0.23073186412314467,2.396590223795299,-0.46509324362978177,-0.27292479001386105,-0.9700996153125653,-0.3927941357821456,-0.17569083961954554,0.7134272277674144
4세대 걸그룹::0035,4세대 걸그룹,IVE,XOXZ,153.0,Cm,98.0,2025-08-25,True,7,2025,46.0,0.08695652173913043,0.0,0.0,0.7333333333333333,False,False,True,False,False,True,True,False,-1.8862538133821716,-1.0953679154536597,0.1980397037391327,-0.43638381059126824,-0.25125712363706504,-0.3927941357821456,-0.17569083961954554,0.13552730134323154
4세대 걸그룹::0010,4세대 걸그룹,aespa,Rich Man,197.0,Eb,110.0,2025-09-05,True,6,2025,48.0,0.16666666666666666,0.10416666666666667,0.0,0.5531914893617021,False,True,False,False,False,True,True,False,0.13868900857943528,-0.5051778074115821,-0.46509324362978177,-0.27292479001386105,0.4076818270654768,1.3235957513449175,-0.17569083961954554,-0.6133838277983109
4세대 보이그룹::0023,4세대 보이그룹,CORTIS (코르티스),FaSHioN,174.0,Dm,78.0,2025-09-08,True,4,2025,32.0,0.0,0.0,0.0,0.0,False,False,True,False,False,True,False,True,-0.9198038301732229,-2.079018095523789,-1.7913591383676106,-1.5805969546331184,-0.9700996153125653,-0.3927941357821456,-0.17569083961954554,-2.9131896574455682
4세대 보이그룹::0022,4세대 보이그룹,CORTIS (코르티스),GO!,170.0,Cm,75.0,2025-09-08,True,4,2025,28.0,0.5,0.0,0.0,1.0,False,False,True,False,False,True,False,True,-1.1038895412606418,-2.226565622534308,-1.7913591383676106,-1.907514995787933,3.1632447118215614,-0.3927941357821456,-0.17569083961954554,1.2441516499937044
